id,firstName,lastName,birthdate
1,Stone,Barrett,19-10-1964 14:11
2,Raymond,Pace,11-12-1977 21:44
3,Armando,Logan,25-12-1986 11:54
4,Latifah,Barnett,24-07-1959 06:00
5,Cassandra,Moses,14-09-1956 06:49
6,Audra,Hopkins,30-08-1984 04:18
7,Upton,Morrow,04-02-1973 05:26
8,Melodie,Velasquez,26-04-1953 11:16
9,Sybill,Nolan,24-06-1951 14:56
10,Glenna,Little,27-08-1953 13:15
11,Ingrid,Jackson,05-09-1957 21:36
12,Duncan,Castaneda,21-01-1979 18:31
13,Xaviera,Gillespie,18-07-1965 15:05
14,Rhoda,Lancaster,11-09-1990 15:52
15,Fatima,Combs,01-06-1979 06:58
16,Merrill,Hopkins,02-07-1990 17:36
17,Felicia,Vinson,19-12-1959 20:23
18,Hanae,Harvey,27-12-1984 10:36
19,Ramona,Acosta,23-06-1962 20:03
20,Katelyn,Hammond,12-11-1988 19:05
21,Rosalyn,Simon,25-02-1982 09:30
22,Alea,Barron,23-06-1959 05:10
23,Raymond,Knox,16-07-1979 19:41
24,Hu,Franks,17-12-1988 15:30
25,Damon,Holman,29-01-1964 01:08
26,Ori,Nunez,05-06-1958 16:18
27,Sasha,Carey,12-01-1976 22:22
28,Sarah,Mullins,20-11-1986 04:25
29,Hammett,Buck,01-06-1982 10:46
30,Melissa,Parrish,14-08-1963 09:17
31,Daquan,Craig,17-06-1977 22:11
32,Keane,Rose,23-09-1958 07:34
33,Erich,Joyce,27-10-1974 05:59
34,Iliana,Atkinson,28-01-1967 16:12
35,Dawn,Fulton,30-07-1960 21:30
36,Anjolie,Gay,17-02-1972 17:51
37,Tanya,Crosby,04-09-1971 15:04
38,Dacey,Hinton,26-07-1989 12:19
39,Carl,Monroe,12-10-1957 00:15
40,Derek,Bush,27-02-1973 10:37
41,Lucian,Shannon,29-06-1954 18:27
42,Jorden,Gilliam,25-06-1989 04:19
43,Arden,Buckner,21-01-1976 03:48
44,Kenneth,Marquez,30-07-1954 04:41
45,Kitra,Becker,26-07-1952 19:03
46,Jin,Greer,03-11-1978 18:16
47,Jaden,Suarez,29-02-1956 06:45
48,Sylvia,Nielsen,16-07-1978 04:40
49,Mona,Osborn,17-04-1968 09:18
50,Lyle,Lawson,06-05-1976 21:51
51,Asher,Frazier,17-11-1958 05:06
52,Brynne,Mcdonald,24-12-1977 23:08
53,Ahmed,Holt,07-09-1970 12:19
54,Iola,Thornton,23-04-1961 21:57
55,Quynn,Villarreal,21-07-1972 21:12
56,Althea,Black,03-07-1982 15:01
57,Elmo,Rowland,25-07-1979 17:15
58,Remedios,Pollard,03-07-1962 12:36
59,Kaitlin,Trujillo,17-01-1985 22:26
60,Stewart,Frederick,20-04-1979 11:40
61,Blythe,Payne,20-08-1974 13:59
62,Nyssa,Chang,27-05-1975 20:02
63,Mariam,Sanders,26-03-1985 14:43
64,Orson,Mendez,19-02-1961 08:35
65,Marshall,Kidd,06-05-1980 04:26
66,Giacomo,Tate,12-12-1980 22:58
67,Mollie,Gilliam,21-02-1966 03:27
68,Holly,Paul,12-11-1966 10:26
69,Dominic,Harmon,16-12-1976 02:33
70,Rooney,Hopper,21-06-1956 23:05
71,Shay,Craft,18-12-1959 11:54
72,Nicholas,Melendez,02-03-1962 06:52
73,Addison,Kaufman,11-07-1985 23:35
74,Anastasia,Frederick,05-06-1955 11:14
75,Mary,Benson,24-03-1956 07:08
76,Garrett,Conner,30-11-1955 00:08
77,Kendall,Fitzgerald,13-08-1954 21:41
78,Juliet,Montoya,01-11-1964 05:08
79,Olivia,Marsh,09-10-1975 23:14
80,Daquan,Bennett,25-12-1956 22:39
81,Leroy,Sandoval,08-02-1963 04:45
82,Sonia,Figueroa,17-01-1976 18:33
83,Emerald,Baxter,04-05-1978 05:52
84,Reed,Cobb,21-08-1974 10:54
85,Bertha,Lowe,23-09-1952 02:59
86,Dennis,Wright,27-12-1986 22:56
87,Declan,Buck,25-02-1989 00:52
88,Latifah,Richardson,27-03-1952 18:58
89,Rashad,Curry,19-04-1986 05:55
90,Carl,Cochran,13-01-1983 00:11
91,Levi,Mack,24-07-1974 17:26
92,Ella,Mooney,16-06-1988 14:05
93,Dara,Anthony,13-08-1980 05:14
94,Benedict,Paul,24-09-1977 16:23
95,Benjamin,Booker,10-08-1962 22:39
96,Pandora,Lee,16-05-1986 04:25
97,Hall,Hester,18-07-1956 13:50
98,Piper,Marks,10-09-1964 19:19
99,Rafael,Roman,24-01-1962 22:13
100,Alfonso,Flores,22-04-1968 20:35
101,Kyra,Macias,03-04-1981 17:30
102,Erica,Berger,19-07-1965 18:21
103,Kaitlin,Ellis,24-05-1961 13:00
104,Sonya,Nelson,27-06-1970 15:10
105,Graiden,Wynn,12-06-1965 16:43
106,Amethyst,Nunez,20-11-1952 00:01
107,Justine,Carlson,16-12-1982 00:26
108,Dennis,Molina,15-12-1980 08:16
109,Adena,Rosales,06-11-1986 14:38
110,Burke,Morrison,09-05-1989 01:05
111,Macon,Galloway,29-01-1960 00:46
112,Todd,Greer,29-09-1952 10:48
113,Aretha,Norton,13-06-1972 09:20
114,Zephania,Cortez,22-05-1969 11:45
115,Ishmael,Wolfe,28-12-1978 16:16
116,Todd,Day,12-10-1953 20:13
117,Gareth,Mckay,21-02-1970 23:30
118,Amir,Vargas,13-07-1951 13:44
119,Darius,Baker,26-11-1954 23:32
120,Rajah,Wise,07-05-1960 08:38
121,Avram,Walsh,05-07-1976 17:49
122,Hilel,Nieves,11-04-1952 06:09
123,Veda,Higgins,19-05-1953 07:10
124,Armando,Tran,13-11-1987 14:59
125,Nichole,Rowe,21-07-1961 10:02
126,Zephr,Warren,20-05-1985 20:01
127,Clayton,Thompson,09-11-1980 03:05
128,Clark,Underwood,15-11-1982 01:53
129,Daniel,Swanson,20-09-1952 00:02
130,Kathleen,Shannon,30-05-1962 05:22
131,Priscilla,Martin,28-10-1952 21:23
132,Skyler,Adkins,14-06-1955 16:35
133,Erica,Logan,03-11-1955 17:55
134,Damon,Wells,19-07-1988 10:16
135,Macaulay,Odonnell,21-05-1971 23:55
136,Ruby,Wilcox,09-04-1956 07:47
137,Hannah,Leach,13-08-1990 09:14
138,Mia,Downs,09-06-1988 14:55
139,Erasmus,Arnold,08-10-1957 23:44
140,Ivor,Ellis,08-12-1987 02:57
141,Ulla,Warren,28-01-1956 18:06
142,Meredith,Mcpherson,29-03-1956 01:00
143,Sebastian,Raymond,13-02-1967 04:45
144,Harrison,Rich,14-03-1983 00:18
145,Carissa,Huff,21-06-1953 07:58
146,Hedy,Campbell,25-04-1957 09:37
147,Dale,Conway,06-07-1976 04:31
148,Stella,Lloyd,08-08-1961 00:18
149,Jaden,Fisher,25-05-1958 11:37
150,Graham,Hess,21-08-1981 15:21
151,Stella,Joyce,09-09-1987 11:09
152,Aurora,Bridges,06-08-1959 13:10
153,Joelle,Church,16-11-1951 22:32
154,Ann,Preston,08-12-1989 07:15
155,Yuri,Crawford,21-07-1961 11:52
156,Tyler,Gibbs,27-07-1967 02:18
157,Lila,Middleton,25-01-1985 11:53
158,Victor,Flynn,11-04-1990 11:20
159,Oprah,Marquez,31-10-1987 00:31
160,Ethan,Carey,13-05-1977 10:58
161,Price,Cervantes,02-02-1976 09:18
162,Elliott,Richmond,29-01-1986 09:33
163,Gregory,Taylor,18-07-1981 12:50
164,Dakota,Copeland,13-11-1962 16:22
165,Cody,Guzman,16-12-1975 16:50
166,Arden,Bass,05-09-1961 21:53
167,Aristotle,Montoya,05-10-1983 16:50
168,Vladimir,Ewing,28-04-1966 09:16
169,Laura,Murray,02-06-1989 02:46
170,Eliana,Mcgee,12-07-1974 10:08
171,Tanisha,Obrien,15-03-1959 12:59
172,Jackson,Mayo,11-09-1987 06:56
173,Maxwell,Sargent,06-09-1959 14:31
174,Teagan,Kent,17-03-1967 19:03
175,Lev,Hernandez,26-04-1957 23:12
176,Lars,Carr,01-11-1953 07:29
177,Wang,Koch,27-03-1979 12:19
178,Rigel,Edwards,20-08-1974 01:55
179,Olga,Flores,13-06-1967 04:07
180,Laura,Owen,20-11-1953 04:34
181,Scott,Bridges,10-09-1982 19:45
182,Bevis,Gentry,19-09-1961 02:09
183,Colleen,Frye,07-04-1973 12:54
184,Kendall,Hopper,28-12-1977 18:49
185,Uriah,Kennedy,17-07-1955 17:19
186,Ishmael,Ford,06-01-1980 05:52
187,Graiden,Hall,28-10-1988 06:10
188,Galvin,Nunez,29-04-1968 11:29
189,Zena,Shepherd,03-10-1983 17:53
190,Azalia,Preston,04-07-1964 10:48
191,Lila,Robinson,08-10-1982 12:26
192,Garth,Fuentes,13-08-1988 18:07
193,Emery,Kim,17-06-1967 05:39
194,Shea,Bean,03-01-1990 05:46
195,Logan,Mcclure,16-10-1967 08:22
196,Olympia,Espinoza,17-05-1967 11:39
197,Louis,William,08-06-1967 00:04
198,Dylan,Fulton,30-05-1962 13:48
199,Raphael,Armstrong,26-11-1956 21:32
200,Zoe,Nelson,12-01-1973 17:19
201,Vivian,Love,31-10-1951 08:57
202,Charde,Lang,23-02-1967 12:24
203,Jason,Powell,08-12-1963 02:21
204,Colleen,Terrell,27-04-1980 07:30
205,Cullen,Cardenas,13-02-1966 19:55
206,Avram,Leblanc,09-11-1977 12:33
207,Gray,Gentry,25-11-1970 03:25
208,Nehru,Brock,13-10-1966 02:42
209,Ulla,Stewart,13-12-1988 13:23
210,Azalia,Hines,19-09-1954 06:32
211,Chava,Frank,10-04-1972 17:09
212,Jamal,Coffey,08-03-1985 09:36
213,Abigail,Odonnell,27-12-1989 06:08
214,Lavinia,Hall,23-03-1976 14:34
215,Clark,Barrera,15-09-1975 23:24
216,Kennan,Donaldson,08-07-1958 17:24
217,Allegra,Rose,17-10-1967 15:32
218,Carson,Downs,13-06-1955 13:29
219,Carla,Owen,04-09-1968 07:54
220,Kenyon,Cox,04-05-1955 18:24
221,Brynne,Hull,23-07-1951 17:34
222,Yuri,Holman,29-12-1984 07:09
223,Lareina,Robinson,16-03-1966 11:35
224,Rylee,Pena,07-10-1954 01:07
225,Elmo,Wolfe,27-05-1976 20:34
226,Keith,Cash,29-08-1985 20:11
227,Deanna,Kelley,28-05-1955 22:38
228,Lane,Dickson,11-03-1951 10:33
229,Nicole,Avila,29-11-1964 16:03
230,Slade,Rodriquez,12-07-1961 20:50
231,Avye,Mills,28-07-1956 05:11
232,Colt,Calderon,22-04-1956 13:04
233,Jena,Mathis,02-06-1974 22:02
234,Uriel,Harris,21-12-1954 05:53
235,Keane,Hayden,20-10-1960 19:07
236,Leah,Peters,10-12-1951 08:56
237,Sydnee,Ferguson,08-07-1958 00:41
238,Ulysses,Reeves,02-06-1980 16:14
239,Sharon,Golden,01-04-1951 17:30
240,Frances,Sheppard,23-01-1952 22:19
241,Sierra,York,11-12-1952 00:22
242,Neve,Morin,28-06-1989 16:33
243,Darrel,Rowe,12-08-1952 12:23
244,Elliott,Gilliam,18-05-1979 05:19
245,Quin,Boyer,19-10-1954 09:39
246,September,Santana,02-10-1954 01:41
247,Carol,Church,01-08-1952 08:00
248,Edan,Wilkinson,30-11-1985 08:37
249,Jenna,Mcdowell,26-10-1951 01:14
250,Zahir,Hurley,26-08-1966 19:21
251,Colton,Huber,06-08-1988 19:24
252,Sean,Estrada,25-01-1956 03:20
253,Hedwig,Stokes,24-09-1954 22:21
254,Graiden,Mcguire,19-01-1964 12:56
255,Ira,Welch,16-10-1978 02:26
256,MacKenzie,Campos,04-06-1964 11:56
257,Wanda,Berry,11-02-1978 06:20
258,Hannah,Foreman,15-12-1986 23:08
259,Jessica,Hart,27-11-1990 19:22
260,Damon,Payne,21-01-1972 20:24
261,Madeline,Pitts,30-09-1974 01:16
262,Sybil,Walsh,18-01-1960 16:50
263,Scott,Allen,29-11-1983 10:45
264,Linda,Conley,12-09-1959 07:34
265,Allen,Rowe,04-11-1989 01:35
266,Giselle,Garrett,05-10-1988 10:35
267,Martha,Mack,12-08-1976 22:11
268,Lila,Fitzpatrick,03-06-1963 03:12
269,Ivana,Farley,28-12-1957 21:24
270,Grant,Anthony,27-10-1976 01:22
271,Belle,Landry,23-08-1973 13:01
272,Cameran,Garza,16-05-1973 13:57
273,Unity,Black,24-12-1986 01:47
274,Kaitlin,Herman,16-05-1980 00:46
275,Joel,Ware,09-11-1954 20:54
276,Brian,Wheeler,14-03-1990 23:56
277,Ocean,Pearson,29-01-1959 11:48
278,Imani,Sweeney,26-10-1963 19:36
279,Celeste,Spears,03-06-1952 10:34
280,Kirby,Barnes,25-09-1964 05:29
281,Rosalyn,Hart,10-02-1972 12:50
282,Donna,Mosley,18-10-1985 03:54
283,Suki,Barker,07-02-1985 17:47
284,Willow,Smith,25-07-1972 00:51
285,Leandra,Petersen,24-06-1978 10:51
286,Aspen,Larson,28-09-1973 00:11
287,Martha,Irwin,23-10-1975 19:10
288,Alexa,Castillo,21-01-1957 20:16
289,Halla,Mccoy,08-02-1966 00:21
290,Martena,Bryan,29-12-1987 15:29
291,Quynn,Jordan,13-09-1987 05:25
292,Quynn,Bridges,26-09-1981 14:21
293,Joshua,Bolton,21-06-1953 12:18
294,Stacey,Wynn,13-05-1971 20:01
295,Noble,Freeman,07-01-1978 00:27
296,Cyrus,Gomez,18-09-1981 09:03
297,Tyler,Burch,19-01-1951 19:49
298,Adrienne,Chapman,04-04-1962 11:31
299,Carissa,Mooney,05-01-1984 16:59
300,Christopher,Howe,21-11-1960 16:01
301,Clark,Gardner,18-12-1966 03:29
302,Dean,Cook,04-01-1968 20:14
303,Coby,Stevens,19-12-1953 22:21
304,Whitney,Terrell,27-04-1974 16:45
305,Yoshi,Strickland,20-02-1957 22:57
306,Rhoda,King,30-09-1984 00:44
307,Cheyenne,Avila,13-10-1953 17:24
308,Piper,Gray,21-01-1979 05:58
309,Jorden,Kirk,15-06-1983 07:05
310,Hilary,Robbins,11-06-1958 06:12
311,Zephr,Oneill,12-10-1972 19:15
312,Barry,Mercado,31-05-1981 03:36
313,April,Villarreal,02-01-1977 07:31
314,Kaseem,Blanchard,22-04-1955 02:56
315,Cathleen,Reed,16-09-1969 08:45
316,Mara,Maynard,17-02-1985 00:08
317,Nell,Jacobs,09-08-1977 17:59
318,Preston,Bass,22-02-1956 12:08
319,Mohammad,Robertson,18-05-1952 02:47
320,Rhiannon,Witt,09-03-1956 10:59
321,Bernard,Ashley,07-09-1989 05:29
322,Cole,Atkinson,11-03-1958 21:30
323,Adena,Ellis,12-01-1980 07:39
324,Carter,Whitley,07-08-1968 16:47
325,Rosalyn,Cotton,21-06-1972 07:21
326,Sloane,Curry,23-01-1983 01:32
327,Garrison,Moore,13-02-1960 21:42
328,Catherine,Cain,08-01-1989 10:45
329,Jerome,King,28-09-1976 04:54
330,Jared,Roberts,24-04-1960 09:06
331,Andrew,Mosley,10-11-1976 03:57
332,Xyla,Sears,19-10-1986 04:58
333,Nasim,Peck,04-12-1979 17:46
334,Walter,Fry,31-12-1961 16:02
335,Tatum,Blevins,05-10-1964 13:19
336,Elijah,Burgess,22-03-1963 00:13
337,Elton,Adkins,22-04-1977 12:32
338,Kenneth,Welch,17-06-1962 14:01
339,Florence,Mejia,12-08-1955 01:30
340,Arden,Moody,09-08-1959 16:54
341,Zenia,Rollins,13-12-1968 21:07
342,Lillith,Rosales,22-04-1970 03:59
343,Murphy,Glenn,23-09-1969 01:50
344,Caldwell,Gates,23-12-1961 10:52
345,Charles,Melendez,13-01-1951 15:55
346,Jaden,Gardner,12-10-1973 10:34
347,Oleg,Wilkins,15-01-1956 11:44
348,Charles,Mcgowan,09-01-1951 09:18
349,Whitney,Gould,25-05-1961 07:49
350,Macaulay,Rowe,13-03-1977 08:36
351,Sierra,Lawrence,28-07-1981 03:27
352,Charlotte,Townsend,07-04-1979 18:56
353,Lillian,Byers,09-09-1987 18:46
354,Ava,Randall,16-04-1988 07:39
355,Cally,Keller,08-11-1971 22:27
356,Giacomo,Britt,10-06-1970 06:07
357,Gabriel,Warner,05-12-1969 09:06
358,Solomon,Foreman,19-08-1979 13:04
359,Hermione,Gallagher,22-04-1958 14:27
360,Phoebe,Hinton,15-07-1985 21:29
361,Keiko,Dennis,20-12-1953 11:09
362,Herman,Carpenter,03-09-1981 19:11
363,Cecilia,Oneal,02-04-1979 05:09
364,Gwendolyn,Alford,02-11-1963 19:49
365,Jonas,Pratt,02-06-1973 18:22
366,Whitney,Newton,01-02-1961 04:19
367,Ralph,Stein,23-04-1971 01:44
368,Eve,Frederick,04-12-1983 11:02
369,Odysseus,Hess,13-04-1982 19:04
370,Mechelle,Richard,09-02-1990 22:49
371,Jesse,Torres,11-06-1989 11:23
372,Martha,Mclaughlin,17-06-1982 17:24
373,Emerald,Haynes,07-03-1957 13:18
374,Rigel,Barton,13-11-1964 08:47
375,Meredith,Simon,29-07-1988 18:53
376,Nevada,Shannon,22-04-1980 14:33
377,Casey,Delgado,17-11-1957 17:15
378,Xerxes,Herring,21-01-1988 01:20
379,Penelope,Blackburn,28-02-1959 14:34
380,Rooney,Swanson,15-09-1963 16:47
381,Lamar,Ramirez,03-09-1964 08:55
382,Linda,Lee,19-01-1988 23:00
383,Hanae,Johnson,21-06-1952 01:03
384,Zane,Long,16-11-1964 15:41
385,Aspen,Potter,11-10-1960 11:53
386,Samson,Nicholson,12-02-1989 12:15
387,Jael,Stuart,10-02-1977 12:59
388,Marny,Summers,08-02-1959 08:38
389,Lael,Schwartz,06-02-1956 19:49
390,Blythe,Baldwin,09-08-1961 07:09
391,Keegan,Pruitt,23-04-1976 19:51
392,Nathan,Patterson,27-01-1967 01:04
393,Garth,Calderon,12-04-1961 00:28
394,Flynn,Winters,30-09-1988 04:04
395,Dara,Morrison,22-12-1979 22:26
396,Ira,Wilkerson,06-03-1973 19:18
397,Angela,Ward,13-03-1983 14:52
398,Wilma,Collier,20-06-1960 13:22
399,Sandra,Kaufman,17-04-1980 03:54
400,Amelia,Osborn,09-05-1972 09:21
401,Gemma,Finch,25-09-1989 23:00
402,Orli,Slater,30-03-1959 15:54
403,Donovan,Beasley,18-06-1986 14:50
404,Dacey,Leblanc,22-05-1980 06:13
405,Rebekah,Edwards,24-12-1961 14:30
406,George,Reeves,14-12-1965 18:49
407,Hadley,Landry,13-12-1978 14:29
408,Cameran,Acevedo,18-10-1957 19:29
409,Ignacia,Medina,26-03-1953 20:13
410,Alvin,Johnson,24-07-1988 23:41
411,Aurora,Lucas,22-04-1966 05:30
412,Gretchen,Norman,04-12-1968 18:40
413,Inga,Roy,16-10-1959 07:56
414,Aquila,Thomas,18-02-1986 21:28
415,Boris,Boyd,27-01-1959 00:42
416,Channing,Petersen,09-01-1953 20:16
417,Wyoming,Meadows,29-11-1960 13:32
418,Veronica,Perkins,27-08-1977 19:25
419,David,Davidson,08-04-1972 17:03
420,Lillian,Carpenter,10-12-1956 07:16
421,Danielle,Luna,21-11-1988 07:00
422,Mia,Douglas,15-02-1962 08:04
423,Micah,Galloway,27-05-1975 01:19
424,Tad,Reynolds,10-09-1987 23:35
425,Troy,David,26-01-1985 00:52
426,Ila,Ashley,27-08-1960 13:46
427,Kelly,Meadows,02-01-1965 10:04
428,Walter,Pugh,09-12-1980 20:58
429,Lucius,Battle,12-04-1983 20:04
430,Florence,Stark,19-06-1963 14:35
431,Priscilla,Gregory,26-10-1986 03:49
432,Joseph,Dickerson,04-03-1985 05:19
433,Kellie,Slater,06-12-1979 20:39
434,Hayden,Olson,01-12-1963 07:50
435,Xanthus,Raymond,21-01-1976 07:51
436,Shannon,Lynn,17-06-1967 18:12
437,Kato,Sosa,21-10-1987 10:51
438,Molly,Juarez,29-11-1959 09:38
439,Hermione,Buchanan,20-11-1953 00:21
440,Kevyn,Ellis,21-08-1983 10:46
441,Paloma,Riddle,21-05-1989 20:41
442,Tiger,Gallegos,11-05-1952 21:51
443,Willow,Morgan,28-04-1966 08:55
444,Stephen,Smith,17-11-1982 06:17
445,Curran,Mueller,09-07-1962 17:40
446,Cathleen,Melendez,06-04-1969 05:09
447,Vaughan,Cunningham,13-06-1970 15:31
448,Grace,Kane,01-06-1979 18:41
449,Ebony,Sweet,07-03-1980 20:43
450,Scott,Burt,15-12-1975 23:57
451,Britanney,Lancaster,19-07-1979 11:46
452,Lane,Christensen,17-09-1964 14:14
453,Hyacinth,Orr,07-05-1959 03:50
454,Cailin,Craig,17-08-1975 16:07
455,Craig,Dean,01-04-1966 08:24
456,Julian,Lee,16-08-1951 08:28
457,Yoko,Burt,08-02-1961 23:25
458,Aurora,Zamora,31-05-1953 01:54
459,Ulric,Lee,09-02-1959 08:14
460,Lucius,Holmes,20-04-1978 00:41
461,Eve,Mcconnell,08-08-1981 06:42
462,Donovan,Odonnell,29-06-1976 01:18
463,Idona,Ortiz,14-08-1972 00:19
464,Mona,Cantrell,19-06-1970 17:59
465,Dennis,Gregory,08-11-1968 11:54
466,Beau,Weaver,23-07-1977 08:10
467,Willow,Santos,29-05-1989 21:41
468,Alisa,Jarvis,31-08-1972 20:37
469,Veronica,Patterson,21-05-1984 06:24
470,Martin,Sosa,23-03-1959 17:42
471,Clinton,Gaines,23-10-1985 16:49
472,Darryl,Madden,27-11-1955 23:50
473,Len,Morse,15-11-1968 02:29
474,Axel,Malone,15-08-1988 01:13
475,Rebecca,Rasmussen,14-09-1990 08:46
476,McKenzie,Acosta,02-04-1972 07:24
477,Russell,Sampson,17-03-1980 13:48
478,Emi,Cameron,25-01-1970 13:09
479,Merritt,Scott,20-12-1971 20:10
480,Rafael,Todd,09-02-1976 11:41
481,Ronan,Potter,13-10-1988 20:46
482,Jerome,Adams,23-03-1965 22:41
483,Daryl,Mcintosh,01-07-1980 07:22
484,Zoe,Johnson,14-08-1965 15:51
485,Cyrus,Fulton,26-04-1962 23:22
486,Xaviera,Poole,14-03-1977 07:16
487,Alfonso,Kinney,27-03-1974 12:18
488,Yolanda,Walls,04-01-1985 23:51
489,Uta,Wallace,20-05-1981 12:03
490,Alexis,Foster,18-01-1967 09:15
491,Sybil,Kim,19-05-1983 02:06
492,Nomlanga,Mccormick,23-02-1988 09:59
493,Marshall,Bray,16-08-1958 00:34
494,Uriah,Cole,18-02-1965 05:15
495,Wesley,Stokes,15-07-1980 11:00
496,Kennedy,Payne,18-02-1956 10:51
497,April,Gibbs,14-10-1965 04:00
498,Alec,Mccarthy,06-10-1968 14:55
499,Philip,Koch,04-07-1967 22:59
500,Reuben,Simmons,20-09-1956 14:09
501,Kelly,Ashley,13-05-1987 17:33
502,Chadwick,Salazar,11-05-1963 15:00
503,Justine,Warren,01-03-1980 08:16
504,Elizabeth,Meyer,20-02-1960 09:49
505,Elvis,Berger,22-03-1968 14:43
506,Miranda,Bird,01-11-1986 16:11
507,Leila,Pearson,04-09-1982 03:46
508,Willow,Dixon,09-07-1969 06:00
509,Jade,Graham,04-06-1981 22:52
510,Abigail,Sexton,20-12-1968 02:09
511,Quail,Zimmerman,13-02-1984 08:03
512,Martena,Bruce,30-04-1983 21:07
513,Moses,Boyer,02-12-1968 15:47
514,Meghan,Zamora,10-07-1961 06:20
515,Whoopi,Battle,03-11-1984 17:24
516,Darryl,Mejia,31-10-1982 18:06
517,Dorothy,Sawyer,19-07-1990 08:09
518,Ashton,Bond,03-03-1960 08:41
519,Cassandra,Mcmillan,21-09-1957 19:49
520,Martin,Rios,03-01-1958 18:40
521,Cedric,Christensen,20-11-1976 10:20
522,Marny,Coleman,07-05-1966 18:01
523,Ina,Barton,03-06-1970 15:14
524,Keiko,Sloan,10-02-1981 21:54
525,Reese,Whitehead,06-05-1973 02:38
526,Dana,Vang,30-04-1958 13:14
527,Nathaniel,Stevens,30-10-1963 07:24
528,Lucius,Wells,18-01-1961 12:54
529,Glenna,Boyer,30-03-1954 01:12
530,Finn,Short,30-08-1964 03:07
531,Barrett,Conley,09-08-1989 13:42
532,Susan,Vinson,24-01-1981 04:41
533,Carly,Riley,22-11-1961 14:55
534,Hilel,Dudley,26-08-1961 20:40
535,Yvonne,Ashley,04-03-1972 23:55
536,Karina,Berg,25-03-1961 04:58
537,Shana,Huber,30-09-1952 06:15
538,Walter,Benson,25-05-1986 08:46
539,Mark,Howe,27-01-1985 14:15
540,Hammett,Hammond,05-04-1990 11:31
541,Zenaida,Rutledge,18-02-1986 03:00
542,Richard,Kinney,18-04-1980 02:50
543,Jocelyn,Shepherd,22-04-1983 05:01
544,Sacha,Frank,16-05-1982 14:12
545,Sloane,Walton,22-04-1958 01:19
546,Bree,Cooper,11-07-1981 10:17
547,Yoshio,Alvarado,27-11-1968 16:51
548,Lamar,Knight,26-12-1962 08:24
549,Kirestin,Mayer,20-03-1961 10:17
550,Reese,Mayer,04-08-1988 14:04
551,Victoria,Reynolds,31-12-1972 19:50
552,Unity,Flores,16-02-1988 00:14
553,Tatiana,Tanner,08-04-1982 05:56
554,Emily,Estes,05-11-1963 20:45
555,Brent,Munoz,25-01-1986 18:41
556,Jordan,Sanchez,20-07-1987 21:51
557,Arthur,Whitaker,18-04-1990 06:31
558,Driscoll,Shepard,04-10-1980 03:39
559,Deirdre,Berg,28-06-1989 02:37
560,Fredericka,Buckley,06-03-1987 11:40
561,Katelyn,Cooke,06-02-1957 00:05
562,Otto,Rose,15-05-1974 03:45
563,Jaime,Zimmerman,23-04-1960 09:31
564,Hiroko,Callahan,16-05-1972 17:33
565,Allen,Acosta,22-09-1968 09:31
566,Taylor,Maldonado,05-12-1973 04:37
567,Kareem,Bowen,06-05-1968 06:06
568,Jonah,Hayden,18-05-1951 11:04
569,Bruno,Dickson,26-04-1975 22:01
570,Shelley,Pollard,23-12-1987 23:32
571,Baxter,Estrada,22-02-1968 13:21
572,Daryl,Olson,20-04-1961 13:07
573,Ainsley,Nieves,19-06-1962 19:43
574,Allen,Arnold,05-09-1970 03:12
575,Wade,Vargas,22-05-1969 06:31
576,Palmer,Pate,04-07-1985 11:59
577,Lysandra,Foster,12-10-1960 19:26
578,Hilary,Jordan,18-02-1958 01:43
579,Leah,Douglas,02-07-1985 01:26
580,Kim,Graham,25-08-1980 02:27
581,Ivor,Stein,13-07-1963 19:36
582,Yael,Nicholson,13-11-1990 22:06
583,Cynthia,Wilkinson,08-11-1952 03:58
584,Lavinia,Alvarez,05-11-1981 20:33
585,Raya,Harris,15-10-1968 12:39
586,Ivana,Bradshaw,20-01-1979 20:44
587,Stephanie,Rosario,06-04-1964 10:30
588,Deborah,Madden,02-02-1982 03:13
589,Anne,Moses,30-10-1985 01:54
590,Beverly,Dunn,03-02-1984 13:01
591,Dalton,Mcfadden,24-11-1961 15:17
592,Sasha,Erickson,19-09-1956 13:20
593,Teegan,Walker,07-08-1958 12:11
594,Amelia,Church,04-08-1990 17:44
595,Brenna,Cantrell,23-10-1953 02:28
596,Jackson,Montoya,22-10-1956 02:02
597,Blaze,Horton,06-12-1968 22:22
598,Amber,Workman,21-10-1972 04:17
599,Azalia,Bradshaw,19-12-1982 10:22
600,Zelenia,Henson,03-07-1982 03:28
601,Thomas,Mathews,21-11-1954 20:34
602,Kevyn,Whitney,21-09-1984 06:24
603,Marny,Leon,10-06-1984 21:32
604,Jarrod,Gay,22-06-1960 19:11
605,Chastity,Wyatt,14-08-1975 20:03
606,Remedios,Shannon,19-10-1967 08:11
607,Martina,Valenzuela,11-11-1989 01:03
608,Ulla,Mcdaniel,18-05-1956 21:36
609,Flavia,Chen,24-01-1976 05:26
610,Sydnee,Martinez,22-01-1979 22:51
611,Adara,Hodges,13-12-1954 15:14
612,Martin,Patrick,08-08-1965 08:37
613,Carla,Mejia,26-09-1983 12:58
614,Alea,Sellers,15-05-1957 20:53
615,Maite,Ellison,20-11-1989 15:49
616,Alan,Curtis,21-10-1972 20:27
617,Kiona,Donaldson,25-01-1990 07:52
618,Octavius,Hester,19-07-1990 06:33
619,Yvonne,Dudley,19-12-1977 13:42
620,Kieran,Vargas,30-12-1961 18:31
621,Selma,Lucas,23-01-1982 20:45
622,Burton,Barnett,08-08-1979 09:12
623,Kaitlin,Malone,21-05-1990 19:26
624,Madison,Blackwell,16-10-1966 08:01
625,Erich,Browning,11-08-1954 19:58
626,Joshua,Mills,02-04-1974 15:36
627,Eliana,Downs,12-01-1974 01:10
628,Giacomo,Saunders,28-08-1960 11:33
629,Donna,Carey,14-12-1958 09:04
630,Cedric,Pennington,11-06-1990 10:38
631,Xantha,Mckee,10-09-1958 01:35
632,Rhona,Strickland,05-10-1987 13:28
633,Beverly,Sharp,26-05-1987 08:24
634,Cailin,Kim,29-03-1975 20:03
635,Tanek,Graves,17-10-1967 00:33
636,Quinn,Guthrie,23-02-1963 05:06
637,Declan,Church,16-11-1963 20:47
638,Lysandra,Cunningham,12-04-1964 21:09
639,Allistair,Lawson,10-04-1963 08:24
640,Rylee,Haynes,04-02-1958 15:37
641,Neve,Myers,14-02-1951 21:46
642,Kevin,Deleon,29-11-1957 21:05
643,Wallace,Ochoa,26-10-1959 15:42
644,Patience,Dawson,22-07-1972 15:45
645,Carla,Burch,12-03-1963 03:30
646,Fallon,Mcintosh,18-03-1960 10:41
647,Stephen,Figueroa,28-03-1966 20:30
648,Katell,Sanders,23-10-1990 12:03
649,Tyler,Dillard,09-02-1957 04:30
650,Kessie,Waller,14-03-1975 08:05
651,Stewart,Mason,25-10-1982 13:20
652,Kitra,Pittman,14-01-1960 20:50
653,Ivor,Gordon,12-11-1953 15:03
654,Dane,Le,26-09-1956 04:48
655,Silas,Delaney,24-12-1950 19:40
656,Avram,Chambers,21-01-1989 18:19
657,Joan,Banks,24-04-1966 15:45
658,Kennan,Small,20-08-1986 13:24
659,Sebastian,Mcintyre,25-05-1960 13:13
660,Armand,Moon,11-05-1984 16:17
661,Edward,Ortega,24-08-1957 08:23
662,Donovan,Burris,18-07-1961 09:00
663,Aurora,Velez,08-05-1973 17:00
664,Cailin,Ferrell,13-08-1959 10:02
665,Cade,Thomas,11-12-1984 21:44
666,Shoshana,Le,28-08-1957 11:58
667,Maggy,Hartman,26-08-1955 12:26
668,Bradley,Talley,11-12-1965 15:08
669,Carlos,Gonzales,10-12-1963 17:43
670,Julian,Jensen,18-10-1982 09:25
671,Colby,Rogers,28-08-1990 13:02
672,Allegra,Neal,01-07-1988 04:45
673,Melinda,Quinn,02-02-1979 10:07
674,Wayne,Mendez,20-01-1983 16:51
675,Vivian,Massey,17-06-1980 20:14
676,Gary,Berger,02-08-1980 04:40
677,Seth,Jensen,22-12-1970 10:36
678,Noble,Reese,25-11-1959 21:09
679,Yeo,Byrd,02-09-1967 05:38
680,Ingrid,Leach,08-04-1954 19:40
681,Vaughan,Frazier,27-08-1972 14:23
682,Ima,Howe,20-02-1955 09:13
683,Kaitlin,Wall,08-05-1961 19:34
684,Nichole,Schmidt,22-12-1986 08:49
685,Lesley,Roy,20-07-1958 14:58
686,Tyler,Pierce,06-03-1969 01:37
687,Branden,Carver,12-02-1973 11:55
688,Kerry,Miranda,07-01-1961 13:47
689,Ariel,Cruz,05-04-1973 16:12
690,Thor,Sykes,31-10-1976 01:03
691,Quincy,Garza,15-07-1985 15:26
692,Whilemina,Cabrera,10-04-1978 12:36
693,Zia,Dean,09-09-1981 13:10
694,Quemby,Thompson,12-11-1958 15:39
695,Francis,Patton,03-01-1980 08:05
696,Janna,Moran,17-06-1960 14:14
697,Joelle,Craig,19-02-1981 13:01
698,Castor,Harrington,26-04-1985 23:04
699,Bell,Hunt,17-11-1951 15:34
700,Hall,Clarke,29-01-1987 20:34
701,Wade,Moore,06-09-1970 06:54
702,Jana,Bennett,28-04-1978 13:24
703,Winter,Beard,17-02-1963 10:14
704,Melanie,Willis,08-08-1966 02:57
705,Meghan,Graves,23-12-1950 05:10
706,Byron,Flores,07-03-1977 15:01
707,Shaeleigh,Schroeder,26-12-1978 07:18
708,Noelani,Woods,26-12-1981 04:03
709,Kristen,Humphrey,13-11-1954 19:34
710,Quon,Franklin,05-04-1988 05:08
711,Hedwig,Wiley,08-09-1977 09:55
712,Brock,Bishop,25-11-1957 18:08
713,Lisandra,Weiss,13-10-1979 10:55
714,Reed,Myers,27-10-1957 14:35
715,Rhonda,Kent,23-11-1979 06:12
716,Moana,Cote,13-03-1981 20:36
717,Isadora,Wilson,13-08-1980 00:05
718,Sonia,Ramsey,20-06-1972 12:58
719,Keegan,Warren,10-01-1966 07:26
720,Asher,Bailey,17-07-1988 19:54
721,Prescott,Holcomb,21-12-1976 21:05
722,Rafael,Watson,10-02-1964 08:11
723,Xenos,Dawson,14-09-1979 23:13
724,Xaviera,Avila,07-07-1965 07:53
725,Latifah,Vincent,03-07-1987 23:04
726,Amena,Harrison,22-06-1972 16:31
727,Tatiana,Vincent,10-07-1958 17:32
728,Jelani,Hansen,09-12-1964 11:46
729,Pascale,Blevins,20-12-1962 14:25
730,Zeph,Powell,06-09-1968 18:38
731,Laith,Guthrie,08-02-1961 03:54
732,Bevis,Skinner,04-09-1978 17:54
733,Jonah,Mullins,30-09-1955 08:53
734,Lynn,Middleton,29-10-1990 04:53
735,Tashya,Hanson,16-08-1960 15:36
736,Noelani,Bridges,13-07-1982 15:03
737,Bruno,Sherman,18-02-1985 21:18
738,Risa,Weiss,29-05-1975 04:57
739,Stacy,Wynn,21-11-1969 16:53
740,Justine,Cantrell,01-07-1951 12:36
741,Myra,Suarez,23-10-1960 01:28
742,Castor,Ball,19-07-1974 21:04
743,Bradley,Hurley,13-11-1985 06:45
744,Cameran,Rogers,27-04-1985 20:40
745,Helen,Woods,29-08-1987 01:16
746,Cooper,Edwards,11-03-1971 16:56
747,Alec,Finley,08-02-1980 06:03
748,Kylan,Adams,05-06-1970 04:24
749,Kelsey,Coffey,30-03-1970 06:52
750,Willa,Howard,19-04-1987 03:06
751,Shea,Fernandez,29-08-1990 00:59
752,Rinah,Christian,28-09-1958 22:49
753,Todd,Wolfe,10-08-1968 22:01
754,Nora,Wallace,10-10-1978 17:04
755,Lewis,Joseph,29-06-1964 14:27
756,Charles,Duffy,06-09-1961 08:41
757,Grady,Barlow,28-03-1978 04:39
758,Petra,Horne,07-05-1975 00:04
759,Wesley,Clements,12-02-1982 22:02
760,Arsenio,Frost,23-09-1979 23:47
761,Wylie,Whitley,27-06-1951 02:01
762,Kendall,Baird,04-09-1965 01:04
763,Jacob,Cannon,26-07-1954 04:15
764,Ciaran,Pierce,05-04-1972 02:59
765,Chester,Brock,02-11-1966 04:45
766,Lance,Collier,13-03-1989 08:43
767,Justin,Terrell,21-10-1962 03:51
768,Chancellor,Merrill,02-08-1983 02:09
769,Juliet,Conley,30-01-1955 21:06
770,Karyn,Humphrey,24-01-1985 10:05
771,Scarlett,Stuart,14-11-1956 17:47
772,Jakeem,Morrow,21-03-1958 08:22
773,Vivian,Harmon,29-05-1957 04:51
774,Jolie,Jimenez,01-08-1988 02:44
775,Nissim,Graham,04-03-1978 20:23
776,Ronan,Sweeney,21-07-1951 15:09
777,Ruth,Sellers,13-07-1967 08:07
778,Kyra,Dorsey,28-11-1952 06:20
779,Meghan,Wiley,21-07-1951 18:17
780,Martena,Baird,26-09-1986 13:33
781,Julie,Morgan,02-02-1972 03:09
782,Leslie,Mcdaniel,31-07-1974 14:52
783,Lucius,Wright,23-05-1965 22:09
784,Leilani,Blair,02-03-1964 07:00
785,Neve,Hyde,21-03-1966 10:15
786,Cheyenne,Scott,31-10-1966 16:14
787,Daquan,Sheppard,02-07-1979 17:06
788,Calista,Brown,26-08-1986 19:33
789,Phoebe,Paul,27-05-1975 16:57
790,Neve,Porter,30-09-1971 09:10
791,Geraldine,Burns,06-12-1979 09:59
792,Sophia,Ramsey,14-06-1964 11:38
793,Cedric,Miles,07-11-1966 11:15
794,Dorian,Murray,24-09-1969 12:54
795,Autumn,Patterson,04-04-1974 12:34
796,Maxwell,Miles,25-03-1972 09:17
797,Reese,Maynard,07-04-1987 13:55
798,Sybill,Powers,09-02-1953 13:37
799,Lawrence,Lawson,30-06-1964 02:35
800,Imogene,Lee,19-10-1966 17:53
801,Mira,Franks,08-03-1964 09:47
802,Silas,Dixon,11-04-1953 01:37
803,Paloma,Daniels,14-06-1962 17:01
804,Dillon,Kirby,16-09-1984 01:47
805,Jarrod,Morris,21-12-1974 00:36
806,Quintessa,Leon,05-01-1952 20:52
807,Lucas,Short,09-07-1973 11:31
808,Karly,Buck,08-07-1986 10:57
809,Jacqueline,Alexander,25-09-1983 08:52
810,Brock,Norris,13-11-1975 07:18
811,Jaden,Summers,12-10-1960 17:19
812,Buffy,Freeman,20-01-1976 02:22
813,Reed,Hardy,05-12-1986 12:09
814,Olivia,Riddle,13-06-1976 04:16
815,Aimee,Beck,07-11-1961 03:37
816,Iola,Prince,01-02-1960 19:43
817,Camilla,Copeland,28-11-1985 06:36
818,Gloria,Berg,10-12-1969 18:14
819,Rinah,Brennan,03-03-1955 01:42
820,Emery,Aguirre,18-11-1953 14:27
821,Desiree,Miller,02-12-1979 16:28
822,Pamela,Maxwell,05-08-1958 00:41
823,Odessa,Lambert,21-12-1951 19:52
824,Tanek,Workman,04-07-1958 09:27
825,Gareth,West,29-01-1986 16:13
826,Vielka,Browning,28-07-1988 10:27
827,September,Norton,08-11-1983 08:01
828,Lavinia,Olsen,03-01-1986 06:56
829,Stone,Higgins,12-03-1970 02:59
830,Lucas,Torres,26-03-1981 22:48
831,Yen,Cruz,12-05-1958 20:58
832,Nadine,Cannon,18-03-1977 07:53
833,Mikayla,Johnson,27-01-1957 14:57
834,Logan,Brewer,13-11-1974 10:55
835,Ella,Carson,16-03-1978 07:19
836,Zia,Gaines,13-09-1988 11:56
837,Mason,Mccray,05-05-1966 20:01
838,Jeanette,Gill,01-01-1970 07:30
839,Dana,Hickman,16-05-1987 03:14
840,Barrett,Erickson,31-05-1973 23:04
841,Leilani,Kelley,31-10-1978 05:41
842,Sade,Boyle,12-09-1962 20:31
843,Gillian,Sanchez,13-11-1969 05:41
844,Brynne,Gutierrez,23-08-1982 17:12
845,Clare,Potter,20-01-1959 20:08
846,Flavia,Hobbs,22-01-1956 10:01
847,Thaddeus,Osborn,19-09-1975 04:22
848,Herrod,Noble,13-11-1976 13:47
849,Brendan,Gibbs,15-06-1955 20:21
850,Ulla,Campbell,11-09-1965 09:28
851,Aiko,Mcguire,20-12-1974 18:12
852,Burton,Jordan,02-09-1982 23:53
853,Ashely,Morrow,22-02-1975 19:11
854,Chaim,Burnett,12-04-1971 16:32
855,Anika,Crawford,30-12-1956 10:56
856,Leandra,Lamb,18-03-1965 16:40
857,Nasim,Powell,14-11-1977 04:30
858,Tiger,Green,12-12-1965 08:45
859,Summer,Powers,10-10-1959 13:37
860,Kevyn,Pace,16-10-1952 00:24
861,Brady,Garrison,21-08-1984 08:38
862,Brian,Bolton,07-10-1967 07:11
863,Kalia,Kidd,23-06-1987 18:24
864,Carlos,Downs,27-02-1967 05:28
865,Driscoll,Combs,06-12-1969 12:14
866,Laith,Gordon,13-06-1959 01:12
867,Dale,Mcbride,26-02-1978 08:26
868,Hu,Everett,31-10-1956 18:22
869,Tyrone,Compton,03-10-1986 22:49
870,Tad,Castaneda,25-04-1963 10:49
871,Chaim,Hancock,17-11-1968 12:08
872,Sage,Wyatt,30-12-1979 15:55
873,Cruz,Stafford,07-12-1956 08:33
874,Nissim,Hancock,11-02-1985 22:13
875,Malcolm,Hatfield,12-10-1970 08:09
876,Sebastian,Shepherd,26-05-1984 15:04
877,Honorato,Allen,14-08-1986 10:18
878,Dorothy,Rose,14-06-1976 07:02
879,Quintessa,Lyons,05-10-1982 11:01
880,Deacon,Stein,27-04-1977 21:27
881,Ian,Franco,19-07-1965 01:33
882,Naida,Mayo,29-07-1959 03:34
883,Giacomo,Reed,07-02-1959 05:58
884,Raven,Thompson,09-05-1962 00:48
885,Myra,Martin,29-11-1975 12:33
886,Medge,Forbes,29-11-1986 18:48
887,Barry,Randall,06-11-1951 23:02
888,Alvin,Butler,21-05-1957 23:10
889,Aimee,Brooks,09-04-1978 19:52
890,Honorato,Nieves,08-08-1982 08:00
891,Avye,Kemp,28-06-1962 23:50
892,Dane,Boyer,17-02-1988 11:06
893,Susan,Glass,01-04-1972 05:00
894,Derek,Mitchell,02-06-1969 02:57
895,Angela,Parker,23-09-1972 15:03
896,Helen,Fuentes,07-12-1983 18:51
897,Dieter,Huff,19-12-1951 02:34
898,Chase,Oneil,02-02-1987 04:52
899,Simone,Bryant,22-06-1958 12:19
900,Ocean,Lane,25-11-1974 06:34
901,Harriet,Terrell,05-05-1977 10:43
902,Eleanor,Duffy,02-04-1983 09:46
903,Alika,Adkins,02-02-1983 15:11
904,Sigourney,Valencia,22-06-1961 21:12
905,Declan,Walsh,06-12-1970 18:14
906,Jacob,Miranda,03-09-1976 16:40
907,Keaton,Murphy,08-08-1970 14:41
908,Keegan,Harding,05-12-1974 09:40
909,Hedy,Huber,26-01-1954 11:10
910,Reece,Finch,17-07-1951 10:33
911,Yuli,Boyle,09-02-1964 10:38
912,Caesar,Pena,02-03-1958 14:30
913,Carol,Poole,26-09-1983 12:13
914,Lois,Hancock,28-04-1961 16:44
915,Marvin,Nunez,15-06-1980 16:16
916,Justina,Day,28-09-1966 11:09
917,Azalia,Buckley,10-12-1955 13:22
918,Devin,Kelley,07-12-1979 16:39
919,Rose,Nguyen,23-11-1958 06:29
920,Shafira,Dickson,09-07-1986 02:30
921,Aurora,Melton,29-12-1969 16:25
922,Timothy,Cunningham,10-12-1969 11:23
923,Winter,Graves,29-05-1954 00:36
924,Audra,Gray,10-12-1952 12:05
925,Keefe,Simpson,13-08-1963 21:38
926,Upton,Branch,05-05-1955 19:51
927,Naida,Zimmerman,30-12-1963 20:39
928,Brady,Rivera,30-03-1973 03:40
929,Eugenia,Knight,22-10-1971 13:09
930,MacKenzie,Clayton,02-06-1971 01:16
931,Clio,Dodson,04-03-1981 14:32
932,Whitney,Witt,22-10-1972 12:21
933,Phyllis,Stafford,30-10-1961 15:49
934,Robin,Chen,29-04-1973 10:39
935,Hasad,Mclaughlin,02-07-1961 17:27
936,Len,Fields,16-01-1962 04:12
937,Nelle,Hudson,05-10-1982 19:42
938,Jacqueline,Mathews,01-01-1955 23:51
939,Abigail,Erickson,12-05-1963 19:17
940,Hope,Hampton,29-07-1956 04:52
941,Adrian,Curtis,14-11-1984 01:32
942,Mufutau,Foley,18-12-1968 21:33
943,Keelie,Gentry,13-07-1959 03:17
944,Tatyana,Dunlap,12-09-1962 18:12
945,Yael,Reyes,26-09-1952 15:58
946,Tobias,Atkinson,25-11-1961 21:26
947,Scarlet,Greene,19-08-1972 07:24
948,Uriel,Navarro,31-07-1989 21:17
949,Amity,Wilder,03-08-1961 20:29
950,Jared,Hartman,13-07-1984 10:55
951,Isaac,Bailey,13-08-1970 02:27
952,Sonya,Sampson,12-12-1979 04:41
953,Rebekah,Weeks,20-02-1963 07:48
954,Reagan,Bowers,03-02-1967 20:51
955,Joshua,Head,07-05-1953 20:18
956,Brenda,Chang,30-09-1972 00:58
957,Steel,Burris,08-09-1983 19:25
958,Chandler,Herman,02-03-1957 05:19
959,Cameron,Little,05-12-1990 06:58
960,Halee,Copeland,03-07-1976 02:38
961,Connor,Cardenas,09-12-1985 13:11
962,Alana,Ratliff,07-02-1974 12:12
963,Maisie,Dunlap,08-08-1958 23:22
964,Rhonda,Vargas,11-04-1983 11:58
965,Connor,Richard,06-06-1983 06:08
966,Courtney,Chavez,31-01-1984 16:12
967,Holmes,Graham,02-02-1958 11:51
968,Vielka,Chandler,18-02-1982 17:50
969,Gail,Marks,11-07-1986 12:27
970,Cole,Valentine,11-06-1973 06:21
971,Kibo,Small,21-10-1974 05:44
972,Ashton,Short,04-12-1977 13:05
973,Stone,White,23-05-1980 02:01
974,Hilda,Vazquez,10-11-1987 20:25
975,Phoebe,Norris,04-03-1958 10:41
976,Aileen,Morin,11-06-1979 19:50
977,Luke,Chase,10-09-1974 11:47
978,Faith,Barry,13-10-1959 01:47
979,Myra,Bradshaw,09-02-1965 23:47
980,Julie,Herrera,13-12-1960 01:18
981,Selma,Bell,08-08-1962 16:03
982,Harlan,Strickland,01-07-1971 10:52
983,Kimberly,Marshall,22-10-1952 14:05
984,Amir,Myers,25-01-1978 07:43
985,Noelani,Ward,23-08-1990 05:58
986,Morgan,Castillo,31-05-1978 22:05
987,Caldwell,Noble,14-07-1968 04:40
988,Blaine,Perkins,09-09-1972 03:39
989,Mechelle,Delgado,01-03-1965 13:45
990,Tana,Barron,26-10-1975 07:42
991,Katelyn,Mosley,16-07-1965 18:18
992,Britanni,Monroe,01-06-1982 06:14
993,Knox,Medina,28-08-1980 20:42
994,Kathleen,Wheeler,31-12-1983 16:31
995,Shellie,Mccarty,04-04-1966 06:48
996,Kitra,Mckenzie,09-02-1971 19:54
997,Sheila,Harmon,16-03-1967 12:30
998,MacKensie,Underwood,16-06-1954 13:13
999,Indigo,Carter,05-04-1959 10:27
1000,Raphael,Owens,12-01-1960 20:52
